kind,rmp_id,name,city,state,naics,chlorine_lb,ammonia_lb,reported_name,account,reason,validation_note,action
unresolved_name,100000018232,Council Bluffs Water Works,Council Bluffs,IA,22131,16000,,NA,,no usable parent/operator/facility name after normalisation,,assign to a utility account or create one
unresolved_name,100000056495,C.P.W.S.D. # 2 of Ray County,Orrick,MO,325181,6000,,n/a,,no usable parent/operator/facility name after normalisation,,assign to a utility account or create one
unresolved_name,100000060756,ST. MARTIN PARISH WATER TREATMENT PLANT,ST. MARTINVILLE,LA,22132,30000,,N/A,,no usable parent/operator/facility name after normalisation,,assign to a utility account or create one
unresolved_name,100000178103,"City of Peoria, Greenway Water Treatment Plant",Peoria,AZ,325181,12000,,None,,no usable parent/operator/facility name after normalisation,,assign to a utility account or create one
unresolved_name,100000184338,"Valley City Water Treatment Plant, Noth Dakota",Valley City,ND,22131,8000,,Not applicable,,no usable parent/operator/facility name after normalisation,,assign to a utility account or create one
unresolved_name,100000059679,Ponderosa Joint Powers Agency WWTP,Houston,TX,22132,8000,,N/A,,no usable parent/operator/facility name after normalisation,,assign to a utility account or create one
unresolved_name,100000092446,Bradys Run San. Authority POTW,Beaver Falls,PA,22132,4000,,Not Applicable,,no usable parent/operator/facility name after normalisation,,assign to a utility account or create one
unresolved_name,100000116652,Generostee Creek Wastewater Treatment Plant,Anderson,SC,22132,16000,,NA,,no usable parent/operator/facility name after normalisation,,assign to a utility account or create one
unresolved_name,100000156323,Loxahatchee River Environmental Control District,Jupiter,FL,22132,16000,,N/A,,no usable parent/operator/facility name after normalisation,,assign to a utility account or create one
process_exclusion,100000026107,"Koch Fertilizer Enid, LLC",Enid,OK,325311,48000,120000000,,,"ammonia manufacturing, not water service — continuous/unsuitable process, refused at ingestion",,confirm refusal or reclassify (human)
process_exclusion,100000036187,"Koch Fertilizer Ft. Dodge, LLC",Duncombe,IA,325311,16000,180000000,,,"ammonia manufacturing, not water service — continuous/unsuitable process, refused at ingestion",,confirm refusal or reclassify (human)
process_exclusion,100000036999,"Koch Fertilizer Beatrice, LLC",Beatrice,NE,325311,12000,132000000,,,"ammonia manufacturing, not water service — continuous/unsuitable process, refused at ingestion",,confirm refusal or reclassify (human)
process_exclusion,100000076142,"PCS Nitrogen Fertilizer, L.P. Augusta Georgia",Augusta,GA,325311,4000,72000000,,,"ammonia manufacturing, not water service — continuous/unsuitable process, refused at ingestion",,confirm refusal or reclassify (human)
process_exclusion,100000088282,Shell Norco Chemical Plant - East Site,Norco,LA,32511,4000,0,,,"chemical manufacturing — continuous/unsuitable process, refused at ingestion",,confirm refusal or reclassify (human)
process_exclusion,100000091447,"Koch Fertilizer Dodge City, LLC",Dodge City,KS,325311,22000,120000000,,,"ammonia manufacturing, not water service — continuous/unsuitable process, refused at ingestion",,confirm refusal or reclassify (human)
process_exclusion,100000127828,"Cascade Pacific Pulp, Halsey Pulp Mill",Halsey,OR,32211,720000,0,,,"continuous process — pulp & paper — continuous/unsuitable process, refused at ingestion",,confirm refusal or reclassify (human)
process_exclusion,100000162343,Borger Refinery,Borger,TX,32411,6000,72000,,,"chemical manufacturing — continuous/unsuitable process, refused at ingestion",,confirm refusal or reclassify (human)
