account,baseline_score,final_score,delta,baseline_shed,shed,lifted,disposition,agreement,regex_buffer,jev_buffer_top,jev_p_top,continuous_p_yes,regulated_p_yes,confirm_candidate,review_flag,source,note,rules_version,model_version,prompt_version,request_hash,response_hash,qualification_basis
Metropolitan Water District of Southern California,63,60,-3,12,9,False,keep,no,elevated_any,wet_well_only,0.309,0.1498,0.9411,False,,engine,wet_well_physics_floor,optb-v1,kev-latest,uc1-water-v1,036af6366dd04010,ec3150e403671855,deterministic
Dallas Water Utilities,76,73,-3,12,9,False,keep,no,elevated_any,wet_well_only,0.2773,0.1187,0.9705,False,,engine,wet_well_physics_floor,optb-v1,kev-latest,uc1-water-v1,8605bcdee6a4a88c,1c27033131b4f194,deterministic
American Water Utilities Holdings,77,74,-3,12,9,False,keep,no,elevated_any,wet_well_only,0.3268,0.0961,0.8511,False,,engine,wet_well_physics_floor,optb-v1,kev-latest,uc1-water-v1,905007bb2ba476c0,c7b4f80913333a34,deterministic
PR Aqueduct & Sewer Authority (ACQUEDUCTOS),63,60,-3,12,9,False,keep,no,elevated_any,wet_well_only,0.2549,0.0866,0.9578,False,,engine,wet_well_physics_floor,optb-v1,kev-latest,uc1-water-v1,dc5624cac5fda445,32a628385e2dd1d6,deterministic
Great Lakes Water Authority,69,66,-3,12,9,False,keep,no,elevated_any,wet_well_only,0.3379,0.0941,0.9714,False,,engine,wet_well_physics_floor,optb-v1,kev-latest,uc1-water-v1,66cfd4879d188536,dc697a7d756742df,deterministic
El Paso Water,58,58,0,9,9,False,keep,no,wet_well_only,elevated_strong,0.2483,0.0984,0.9383,False,,engine,insufficient_evidence_keep_cap,optb-v1,kev-latest,uc1-water-v1,d8f84d7ce86deccd,9835368dcb63a231,deterministic
City of Houston,61,58,-3,12,9,False,keep,no,elevated_any,wet_well_only,0.2973,0.1134,0.9544,False,,engine,wet_well_physics_floor,optb-v1,kev-latest,uc1-water-v1,65cac5d6924c8b2b,3753d6099c07ea0d,deterministic
City of Phoenix Water Services Department,48,45,-3,12,9,False,keep,no,elevated_any,wet_well_only,0.2888,0.1385,0.9772,False,,engine,wet_well_physics_floor,optb-v1,kev-latest,uc1-water-v1,2b693c13cfcce0ea,86a4cffcef47c13f,deterministic
San Antonio Water System,57,57,0,12,12,False,keep,yes,elevated_any,elevated_strong,0.2893,0.1178,0.9656,False,,engine,agree_keep_cap,optb-v1,kev-latest,uc1-water-v1,5af3c188d9634843,e33ece479b7ccd23,deterministic
Miami-Dade Water & Sewer Management Dept,55,52,-3,12,9,False,keep,no,elevated_any,wet_well_only,0.3745,0.1876,0.9699,False,,engine,wet_well_physics_floor,optb-v1,kev-latest,uc1-water-v1,fdf7b3dfcf40caf7,e4dd9958bd89c3a8,deterministic
Denver Water,44,41,-3,12,9,False,keep,no,elevated_any,wet_well_only,0.3053,0.1086,0.9477,False,,engine,wet_well_physics_floor,optb-v1,kev-latest,uc1-water-v1,ad09955b34e58843,9e1aa9e0adb52271,deterministic
City of Chicago Department of Water Management,65,62,-3,12,9,False,keep,no,elevated_any,wet_well_only,0.3584,0.1754,0.9634,False,,engine,wet_well_physics_floor,optb-v1,kev-latest,uc1-water-v1,06ad7a5d18754619,a0a043d9cccf8c5d,deterministic
Los Angeles Department of Water & Power,55,52,-3,12,9,False,keep,no,elevated_any,wet_well_only,0.2847,0.1509,0.956,False,,engine,wet_well_physics_floor,optb-v1,kev-latest,uc1-water-v1,221dbcaba0f96c20,59faf0f78ed4155c,deterministic
City of Austin Water Utility,61,61,0,8,8,False,keep,no,mixed,wet_well_only,0.3108,0.1342,0.9777,False,,engine,wet_well_physics_floor,optb-v1,kev-latest,uc1-water-v1,881b2b5154de735f,60cd85f4b9904f4f,deterministic
Trinity River Authority of Texas,65,65,0,12,12,False,keep,no,elevated_any,mixed,0.2509,0.0557,0.9489,False,,engine,insufficient_evidence_keep_cap,optb-v1,kev-latest,uc1-water-v1,3d7a8f641d8a640b,1726c4e6b116189f,deterministic
Wastewater Treatment Division WTD,41,41,0,9,9,False,keep,yes,wet_well_only,wet_well_only,0.5768,0.1356,0.8411,False,,engine,wet_well_physics_floor,optb-v1,kev-latest,uc1-water-v1,3970df0292ca0ad2,5a2c18174fac8b11,deterministic
City of Fort Worth,57,54,-3,12,9,False,keep,no,elevated_any,wet_well_only,0.3403,0.0593,0.9692,False,,engine,wet_well_physics_floor,optb-v1,kev-latest,uc1-water-v1,5d640876f20addb1,9425f39f42102765,deterministic
City of St Louis Water Division,51,48,-3,12,9,False,keep,no,elevated_any,wet_well_only,0.3579,0.1233,0.9739,False,,engine,wet_well_physics_floor,optb-v1,kev-latest,uc1-water-v1,2777584075cd3af6,635e52ac81a05484,deterministic
City of Forest,47,47,0,12,12,False,keep,no,elevated_any,unknown,0.2715,0.0543,0.9165,False,,engine,insufficient_evidence_keep_cap,optb-v1,kev-latest,uc1-water-v1,5bfc35eb59e158e1,816719d9ab0ffbda,deterministic
Metropolitan Utilities District,50,50,0,12,12,False,keep,no,elevated_any,unknown,0.2446,0.1165,0.9186,False,,engine,insufficient_evidence_keep_cap,optb-v1,kev-latest,uc1-water-v1,3772adbee83fef2f,71296cd9c5a10895,deterministic
North Texas Municipal Water District,63,63,0,8,8,False,keep,no,mixed,wet_well_only,0.2798,0.108,0.9629,False,,engine,wet_well_physics_floor,optb-v1,kev-latest,uc1-water-v1,cd723e553dcc5c30,bcbe0d8081fce9e1,deterministic
City of Alexandria,44,41,-3,12,9,False,keep,no,elevated_any,wet_well_only,0.2943,0.1435,0.9238,False,,engine,wet_well_physics_floor,optb-v1,kev-latest,uc1-water-v1,97df8e4229366adb,606d7d85e2271b68,deterministic
City of Bogalusa,48,45,-3,12,9,False,keep,no,elevated_any,wet_well_only,0.2907,0.0724,0.9463,False,,engine,wet_well_physics_floor,optb-v1,kev-latest,uc1-water-v1,5588b8b8cf3dcaf6,6e76fbec2ad2cab6,deterministic
KCMO Water Services Department,44,41,-3,12,9,False,keep,no,elevated_any,wet_well_only,0.3986,0.1522,0.963,False,,engine,wet_well_physics_floor,optb-v1,kev-latest,uc1-water-v1,857d05aaac66e74b,90834a6c853e0a0a,deterministic
St Paul Regional Water Services,48,48,0,12,12,False,keep,no,elevated_any,unknown,0.2586,0.1296,0.9444,False,,engine,insufficient_evidence_keep_cap,optb-v1,kev-latest,uc1-water-v1,657668bab592cb6e,7906d4e5b0e9821b,deterministic
City of Corpus Christi,54,51,-3,12,9,False,keep,no,elevated_any,wet_well_only,0.4374,0.1017,0.9374,False,,engine,wet_well_physics_floor,optb-v1,kev-latest,uc1-water-v1,ab9a10290831a47b,cca42a5a21fffd78,deterministic
City of Phoenix,35,35,0,8,8,False,keep,no,mixed,wet_well_only,0.3952,0.0925,0.9562,False,,engine,wet_well_physics_floor,optb-v1,kev-latest,uc1-water-v1,8ccce4fa8f2042b8,27dba12764c521fe,deterministic
City of Fort Lauderdale,38,38,0,8,8,False,keep,no,mixed,wet_well_only,0.423,0.1152,0.9507,False,,engine,wet_well_physics_floor,optb-v1,kev-latest,uc1-water-v1,a7c86ba902b8a3c7,3b664068f0d8f798,deterministic
Washington Suburban Sanitary Commission,60,57,-3,12,9,False,keep,no,elevated_any,wet_well_only,0.3548,0.1161,0.7902,False,,engine,wet_well_physics_floor,optb-v1,kev-latest,uc1-water-v1,9fe5c2974c7ed551,f79699c486152e5e,deterministic
City of Charlotte,49,46,-3,12,9,False,keep,no,elevated_any,wet_well_only,0.3247,0.0941,0.9594,False,,engine,wet_well_physics_floor,optb-v1,kev-latest,uc1-water-v1,b5002e8c3a42b45c,8cb16d89f1d468e6,deterministic
"Aqua America, Inc.",55,52,-3,12,9,False,keep,no,elevated_any,wet_well_only,0.2798,0.0756,0.8331,False,,engine,wet_well_physics_floor,optb-v1,kev-latest,uc1-water-v1,67adf62c9ec4d4e5,bf2d17dba91170b7,deterministic
City of Lake Charles,45,42,-3,12,9,False,keep,no,elevated_any,wet_well_only,0.2924,0.1163,0.9528,False,,engine,wet_well_physics_floor,optb-v1,kev-latest,uc1-water-v1,1bd597a6013f4645,16ce72842aac72f3,deterministic
San Jacinto River Authority,58,55,-3,12,9,False,keep,no,elevated_any,wet_well_only,0.3379,0.0621,0.9577,False,,engine,wet_well_physics_floor,optb-v1,kev-latest,uc1-water-v1,43fc8c17d31f2e59,368cc0f5454b4cb9,deterministic
Laguna Madre Water District,51,51,0,9,9,False,keep,yes,wet_well_only,wet_well_only,0.3722,0.0606,0.953,False,,engine,wet_well_physics_floor,optb-v1,kev-latest,uc1-water-v1,8f6bdd024a3f8555,d6aa81b41e139437,deterministic
City of Pineville,40,40,0,12,12,False,keep,no,elevated_any,mixed,0.3128,0.0821,0.9606,False,,engine,insufficient_evidence_keep_cap,optb-v1,kev-latest,uc1-water-v1,5a1fd7b34c0650ca,702fbc8f1f1fd6c5,deterministic
City of Minneapolis,46,43,-3,12,9,False,keep,no,elevated_any,wet_well_only,0.3905,0.1382,0.9098,False,,engine,wet_well_physics_floor,optb-v1,kev-latest,uc1-water-v1,9ae8a49e3c48b704,ae25cd65c98fa9e4,deterministic
Greater Cincinnati Water Works,52,49,-3,12,9,False,keep,no,elevated_any,wet_well_only,0.3643,0.1297,0.9638,False,,engine,wet_well_physics_floor,optb-v1,kev-latest,uc1-water-v1,f10d50fc1d4f2555,b6ec2ddd9bddf89b,deterministic
City of Sacramento Department of Utilities,46,43,-3,12,9,False,keep,no,elevated_any,wet_well_only,0.3503,0.1723,0.9667,False,,engine,wet_well_physics_floor,optb-v1,kev-latest,uc1-water-v1,db5a6bb895c4cdb9,48a20bed4f90ed99,deterministic
City of Wichita Falls,52,52,0,8,8,False,keep,no,mixed,wet_well_only,0.3193,0.0881,0.9577,False,,engine,wet_well_physics_floor,optb-v1,kev-latest,uc1-water-v1,8b855dd32a4cf85e,3673564bceed6547,deterministic
City of Arlington,54,51,-3,12,9,False,keep,no,elevated_any,wet_well_only,0.3764,0.095,0.9602,False,,engine,wet_well_physics_floor,optb-v1,kev-latest,uc1-water-v1,673178d0dbffe770,a106cb65dbd8fa2e,deterministic
City of Tulsa,41,38,-3,12,9,False,keep,no,elevated_any,wet_well_only,0.3532,0.1017,0.958,False,,engine,wet_well_physics_floor,optb-v1,kev-latest,uc1-water-v1,86954e25a43d1463,fb4951aa753251e5,deterministic
Gwinnett County,41,38,-3,12,9,False,keep,no,elevated_any,wet_well_only,0.3766,0.1009,0.9173,False,,engine,wet_well_physics_floor,optb-v1,kev-latest,uc1-water-v1,0271e633dc18c54b,5118f896ebd3ffd0,deterministic
New York City Dept of Environmental Protection,51,51,0,12,12,False,keep,no,elevated_any,mixed,0.2574,0.1075,0.8034,False,,engine,insufficient_evidence_keep_cap,optb-v1,kev-latest,uc1-water-v1,6edcc3d5ee4ce4dc,312e579c5ab17fcc,deterministic
City of Cedar Rapids,45,42,-3,12,9,False,keep,no,elevated_any,wet_well_only,0.343,0.0775,0.9567,False,,engine,wet_well_physics_floor,optb-v1,kev-latest,uc1-water-v1,3541ab0f87dfe969,a0912260cf7628e1,deterministic
City of Columbia,41,38,-3,12,9,False,keep,no,elevated_any,wet_well_only,0.3435,0.0834,0.9695,False,,engine,wet_well_physics_floor,optb-v1,kev-latest,uc1-water-v1,7c274cf451724243,9234fc6d8706372a,deterministic
City of Port St Lucie,37,37,0,8,8,False,keep,no,mixed,wet_well_only,0.3814,0.0704,0.9616,False,,engine,wet_well_physics_floor,optb-v1,kev-latest,uc1-water-v1,bec0e4a813189f60,07d3c37580127462,deterministic
Calleguas Municipal Water District,45,42,-3,12,9,False,keep,no,elevated_any,wet_well_only,0.3209,0.1891,0.964,False,,engine,wet_well_physics_floor,optb-v1,kev-latest,uc1-water-v1,65009c9361d144c7,be0033a05c4e47ff,deterministic
City of Abilene,47,44,-3,12,9,False,keep,no,elevated_any,wet_well_only,0.261,0.0909,0.9544,False,,engine,wet_well_physics_floor,optb-v1,kev-latest,uc1-water-v1,d1ecde4a910ffe92,2edb808e621ce233,deterministic
City of Redding,37,37,0,8,8,False,keep,no,mixed,wet_well_only,0.2841,0.0712,0.9701,False,,engine,wet_well_physics_floor,optb-v1,kev-latest,uc1-water-v1,841236e53c07b725,ce4637ad685454dd,deterministic
Harrison County Utility Authority,38,38,0,9,9,False,keep,yes,wet_well_only,wet_well_only,0.5244,0.0649,0.9447,False,,engine,wet_well_physics_floor,optb-v1,kev-latest,uc1-water-v1,06b6c3dcbd872c7a,299104d07497562a,deterministic
